ts,TS1,TS2,TS3,TS_calib,nr_acq_data
2022-05-02T17:03:58.519694,42.136863708496094,39.075599670410156,40.512451171875,False,1
2022-05-02T17:03:59.027190,41.95602035522461,39.075599670410156,40.5023193359375,False,2
2022-05-02T17:03:59.540005,42.02835464477539,39.026371002197266,40.49981689453125,False,3
2022-05-02T17:04:00.040103,42.1006965637207,39.124629974365234,40.497283935546875,False,4
2022-05-02T17:04:00.551201,42.02835464477539,39.124629974365234,40.49224853515625,False,5
2022-05-02T17:04:01.059037,41.9921875,39.124629974365234,40.49224853515625,False,6
2022-05-02T17:04:01.560746,41.9921875,39.124629974365234,40.482086181640625,False,7
2022-05-02T17:04:02.069017,41.95602035522461,39.124629974365234,40.4796142578125,False,8
2022-05-02T17:04:02.579770,41.91985321044922,39.075599670410156,40.4796142578125,False,9
2022-05-02T17:04:03.093915,41.9921875,39.124629974365234,40.4796142578125,False,10
2022-05-02T17:04:03.595128,41.95602035522461,39.124629974365234,40.469482421875,False,11
2022-05-02T17:04:04.108379,41.95602035522461,39.075599670410156,40.469482421875,False,12
2022-05-02T17:04:04.623693,41.9921875,39.075599670410156,40.466949462890625,False,13
2022-05-02T17:04:05.136641,41.95602035522461,39.124629974365234,40.4619140625,False,14
2022-05-02T17:04:05.640840,41.9921875,39.124629974365234,40.4593505859375,False,15
2022-05-02T17:04:06.142171,41.91985321044922,39.075599670410156,40.4593505859375,False,16
2022-05-02T17:04:06.655836,41.91985321044922,39.075599670410156,40.45684814453125,False,17
2022-05-02T17:04:07.165617,41.88368225097656,39.075599670410156,40.45684814453125,False,18
2022-05-02T17:04:07.676126,41.91985321044922,39.124629974365234,40.4442138671875,False,19
2022-05-02T17:04:08.185611,41.91985321044922,39.075599670410156,40.4442138671875,False,20
2022-05-02T17:04:08.685997,41.95602035522461,39.026371002197266,40.439178466796875,False,21
2022-05-02T17:04:09.200035,41.88368225097656,39.026371002197266,40.439178466796875,False,22
2022-05-02T17:04:09.710079,41.91985321044922,39.075599670410156,40.434112548828125,False,23
2022-05-02T17:04:10.210517,41.91985321044922,39.075599670410156,40.436676025390625,False,24
2022-05-02T17:04:10.716941,41.88368225097656,39.124629974365234,40.431610107421875,False,25
2022-05-02T17:04:11.217553,41.88368225097656,39.075599670410156,40.426544189453125,False,26
2022-05-02T17:04:11.732921,41.91985321044922,39.124629974365234,40.426544189453125,False,27
2022-05-02T17:04:12.236576,41.95602035522461,39.026371002197266,40.4215087890625,False,28
2022-05-02T17:04:12.750244,41.88368225097656,39.075599670410156,40.4215087890625,False,29
2022-05-02T17:04:13.266508,41.88368225097656,39.124629974365234,40.41900634765625,False,30
2022-05-02T17:04:13.771320,41.811344146728516,39.075599670410156,40.41900634765625,False,31
2022-05-02T17:04:14.271545,41.91985321044922,39.124629974365234,40.416473388671875,False,32
2022-05-02T17:04:14.784442,41.88368225097656,39.075599670410156,40.413970947265625,False,33
2022-05-02T17:04:15.297611,41.77517318725586,39.075599670410156,40.408905029296875,False,34
2022-05-02T17:04:15.812907,41.847511291503906,39.026371002197266,40.40386962890625,False,35
2022-05-02T17:04:16.314247,41.91985321044922,39.026371002197266,40.3988037109375,False,36
2022-05-02T17:04:16.827905,41.88368225097656,38.92811584472656,40.3988037109375,False,37
2022-05-02T17:04:17.341447,41.77517318725586,38.977142333984375,40.39373779296875,False,38
2022-05-02T17:04:17.856595,41.77517318725586,39.026371002197266,40.38873291015625,False,39
2022-05-02T17:04:18.356756,41.77517318725586,39.026371002197266,40.386199951171875,False,40
2022-05-02T17:04:18.857296,41.847511291503906,39.075599670410156,40.3836669921875,False,41
2022-05-02T17:04:19.358143,41.73900604248047,39.124629974365234,40.378631591796875,False,42
2022-05-02T17:04:19.874383,41.73900604248047,39.075599670410156,40.368560791015625,False,43
2022-05-02T17:04:20.442752,41.73900604248047,38.977142333984375,40.36102294921875,False,44
2022-05-02T17:04:20.971786,41.70283889770508,39.075599670410156,40.36102294921875,False,45
2022-05-02T17:04:21.508151,41.77517318725586,39.026371002197266,40.35845947265625,False,46
2022-05-02T17:04:22.055968,41.77517318725586,39.026371002197266,40.348388671875,False,47
2022-05-02T17:04:22.603007,41.847511291503906,38.977142333984375,40.3433837890625,False,48
2022-05-02T17:04:23.156709,41.73900604248047,38.92811584472656,40.3408203125,False,49
2022-05-02T17:04:23.714684,41.66666793823242,38.92811584472656,40.338348388671875,False,50
2022-05-02T17:04:24.184234,41.70283889770508,39.026371002197266,40.338348388671875,False,51
2022-05-02T17:04:24.729273,41.70283889770508,39.075599670410156,40.333282470703125,False,52
2022-05-02T17:04:25.275976,41.66666793823242,38.977142333984375,40.333282470703125,False,53
2022-05-02T17:04:25.820171,41.66666793823242,38.87888717651367,40.328216552734375,False,54
2022-05-02T17:04:26.360322,41.70283889770508,38.92811584472656,40.3206787109375,False,55
2022-05-02T17:04:26.873319,41.66666793823242,38.977142333984375,40.31817626953125,False,56
2022-05-02T17:04:27.443377,41.70283889770508,38.977142333984375,40.31060791015625,False,57
2022-05-02T17:04:28.519078,41.66666793823242,38.829654693603516,40.30560302734375,False,58
2022-05-02T17:04:27.944515,41.70283889770508,38.87888717651367,40.30810546875,False,59
2022-05-02T17:04:29.075098,41.70283889770508,38.977142333984375,40.30810546875,False,60
2022-05-02T17:04:29.588078,41.70283889770508,38.92811584472656,40.30810546875,False,61
2022-05-02T17:04:30.159615,41.63050079345703,38.92811584472656,40.30560302734375,False,62
2022-05-02T17:04:30.698796,41.66666793823242,38.92811584472656,40.30810546875,False,63
2022-05-02T17:04:31.193937,41.63050079345703,38.87888717651367,40.31060791015625,False,64
2022-05-02T17:04:31.748878,41.63050079345703,38.92811584472656,40.313140869140625,False,65
2022-05-02T17:04:32.283892,41.70283889770508,38.7806282043457,40.30810546875,False,66
2022-05-02T17:04:33.309320,41.63050079345703,38.87888717651367,40.30560302734375,False,67
2022-05-02T17:04:32.884011,41.594329833984375,38.87888717651367,40.30560302734375,False,68
2022-05-02T17:04:33.886854,41.66666793823242,38.87888717651367,40.30560302734375,False,69
2022-05-02T17:04:34.421953,41.66666793823242,38.829654693603516,40.30810546875,False,70
2022-05-02T17:04:34.938967,41.70283889770508,38.829654693603516,40.31060791015625,False,71
2022-05-02T17:04:35.495474,41.63050079345703,38.7806282043457,40.30560302734375,False,72
2022-05-02T17:04:35.994648,41.63050079345703,38.92811584472656,40.313140869140625,False,73
2022-05-02T17:04:36.528648,41.66666793823242,38.92811584472656,40.315673828125,False,74
2022-05-02T17:04:37.096753,41.66666793823242,38.7806282043457,40.31817626953125,False,75
2022-05-02T17:04:37.639732,41.63050079345703,38.7806282043457,40.31817626953125,False,76
2022-05-02T17:04:38.126324,41.70283889770508,38.7806282043457,40.313140869140625,False,77
2022-05-02T17:04:38.703419,41.63050079345703,38.977142333984375,40.315673828125,False,78
2022-05-02T17:04:39.239580,41.63050079345703,38.977142333984375,40.31817626953125,False,79
2022-05-02T17:04:39.778579,41.63050079345703,38.829654693603516,40.313140869140625,False,80
2022-05-02T17:04:40.806855,41.594329833984375,38.977142333984375,40.31817626953125,False,82
2022-05-02T17:04:40.294559,41.594329833984375,38.87888717651367,40.31817626953125,False,81
2022-05-02T17:04:41.380850,41.63050079345703,38.87888717651367,40.31060791015625,False,83
2022-05-02T17:04:41.908006,41.594329833984375,38.829654693603516,40.313140869140625,False,84
2022-05-02T17:04:42.448176,41.594329833984375,39.026371002197266,40.313140869140625,False,85
2022-05-02T17:04:42.994153,41.63050079345703,38.829654693603516,40.303070068359375,False,87
2022-05-02T17:04:43.529762,41.63050079345703,38.829654693603516,40.303070068359375,False,86
2022-05-02T17:04:44.640427,41.63050079345703,38.7806282043457,40.30810546875,False,88
2022-05-02T17:04:44.094407,41.558162689208984,38.977142333984375,40.30810546875,False,89
2022-05-02T17:04:45.181982,41.558162689208984,38.829654693603516,40.30560302734375,False,90
2022-05-02T17:04:45.720682,41.63050079345703,38.92811584472656,40.303070068359375,False,91
2022-05-02T17:04:46.265999,41.594329833984375,38.87888717651367,40.303070068359375,False,92
2022-05-02T17:04:46.811020,41.558162689208984,38.7806282043457,40.298065185546875,False,93
2022-05-02T17:04:47.352571,41.63050079345703,38.73139953613281,40.300567626953125,False,94
2022-05-02T17:04:47.893128,41.558162689208984,38.977142333984375,40.298065185546875,False,95
2022-05-02T17:04:48.425731,41.594329833984375,38.7806282043457,40.298065185546875,False,96
2022-05-02T17:04:48.967795,41.558162689208984,38.87888717651367,40.29302978515625,False,97
2022-05-02T17:04:49.511772,41.48582077026367,38.829654693603516,40.295501708984375,False,98
2022-05-02T17:04:50.051483,41.558162689208984,38.73139953613281,40.295501708984375,False,99
2022-05-02T17:04:50.587499,41.44965362548828,38.7806282043457,40.29302978515625,False,100
2022-05-02T17:04:51.124570,41.594329833984375,38.87888717651367,40.29052734375,False,101
2022-05-02T17:04:51.592588,41.594329833984375,38.7806282043457,40.28546142578125,False,102
2022-05-02T17:04:52.167585,41.558162689208984,38.7806282043457,40.287994384765625,False,103
2022-05-02T17:04:52.740755,41.594329833984375,38.73139953613281,40.28546142578125,False,104
2022-05-02T17:04:53.260735,41.594329833984375,38.92811584472656,40.277923583984375,False,105
2022-05-02T17:04:53.815440,41.594329833984375,38.829654693603516,40.280426025390625,False,106
2022-05-02T17:04:54.354624,41.594329833984375,38.87888717651367,40.277923583984375,False,107
2022-05-02T17:04:54.880646,41.63050079345703,38.7806282043457,40.277923583984375,False,108
2022-05-02T17:04:55.402776,41.44965362548828,38.7806282043457,40.275421142578125,False,109
2022-05-02T17:04:55.950343,41.558162689208984,38.73139953613281,40.275421142578125,False,110
2022-05-02T17:04:56.459055,41.558162689208984,38.829654693603516,40.275421142578125,False,111
2022-05-02T17:04:57.029313,41.558162689208984,38.73139953613281,40.275421142578125,False,112
2022-05-02T17:04:57.573757,41.558162689208984,38.829654693603516,40.272918701171875,False,113
2022-05-02T17:04:58.118314,41.558162689208984,38.7806282043457,40.277923583984375,False,114
2022-05-02T17:04:58.658802,41.521995544433594,38.87888717651367,40.272918701171875,False,115
2022-05-02T17:04:59.199846,41.521995544433594,38.7806282043457,40.272918701171875,False,116
2022-05-02T17:04:59.736421,41.44965362548828,38.73139953613281,40.265350341796875,False,117
2022-05-02T17:05:00.836438,41.48582077026367,38.73139953613281,40.2578125,False,118
2022-05-02T17:05:00.275438,41.521995544433594,38.73139953613281,40.26031494140625,False,119
2022-05-02T17:05:01.375017,41.48582077026367,38.73139953613281,40.2628173828125,False,120
2022-05-02T17:05:01.928038,41.44965362548828,38.87888717651367,40.26031494140625,False,121
2022-05-02T17:05:02.418045,41.521995544433594,38.829654693603516,40.26031494140625,False,122
2022-05-02T17:05:02.958269,41.48582077026367,38.829654693603516,40.265350341796875,False,123
2022-05-02T17:05:03.518837,41.44965362548828,38.73139953613281,40.2628173828125,False,124
2022-05-02T17:05:04.057815,41.44965362548828,38.7806282043457,40.2628173828125,False,125
2022-05-02T17:05:04.559395,41.48582077026367,38.73139953613281,40.265350341796875,False,126
2022-05-02T17:05:05.075415,41.44965362548828,38.829654693603516,40.2628173828125,False,127
2022-05-02T17:05:05.646536,41.413482666015625,38.73139953613281,40.265350341796875,False,128
2022-05-02T17:05:06.188914,41.413482666015625,38.87888717651367,40.2578125,False,129
2022-05-02T17:05:06.733054,41.44965362548828,38.73139953613281,40.2628173828125,False,130
2022-05-02T17:05:07.245695,41.413482666015625,38.73139953613281,40.2578125,False,131
2022-05-02T17:05:07.824223,41.44965362548828,38.73139953613281,40.2578125,False,132
2022-05-02T17:05:08.360354,41.44965362548828,38.829654693603516,40.2628173828125,False,133
2022-05-02T17:05:08.907941,41.413482666015625,38.7806282043457,40.2578125,False,134
2022-05-02T17:05:09.451539,41.44965362548828,38.7806282043457,40.2628173828125,False,135
2022-05-02T17:05:09.994194,41.44965362548828,38.73139953613281,40.265350341796875,False,136
2022-05-02T17:05:11.083298,41.413482666015625,38.73139953613281,40.2628173828125,False,137
2022-05-02T17:05:10.537296,41.413482666015625,38.73139953613281,40.26031494140625,False,138
2022-05-02T17:05:11.657972,41.37731170654297,38.73139953613281,40.2628173828125,False,139
2022-05-02T17:05:12.186642,41.44965362548828,38.73139953613281,40.26031494140625,False,140
2022-05-02T17:05:12.749336,41.44965362548828,38.73139953613281,40.26031494140625,False,141
2022-05-02T17:05:13.261328,41.413482666015625,38.73139953613281,40.26031494140625,False,142
2022-05-02T17:05:13.839028,41.34114456176758,38.7806282043457,40.2628173828125,False,143
2022-05-02T17:05:14.382723,41.34114456176758,38.73139953613281,40.26031494140625,False,144
2022-05-02T17:05:14.884259,41.37731170654297,38.7806282043457,40.26031494140625,False,145
2022-05-02T17:05:15.385156,41.413482666015625,38.73139953613281,40.26031494140625,False,146
2022-05-02T17:05:15.885373,41.37731170654297,38.73139953613281,40.2628173828125,False,147
2022-05-02T17:05:16.385992,41.34114456176758,38.73139953613281,40.26031494140625,False,148
2022-05-02T17:05:16.886656,41.37731170654297,38.7806282043457,40.267852783203125,False,149
2022-05-02T17:05:17.390490,41.413482666015625,38.7806282043457,40.2628173828125,False,150
2022-05-02T17:05:17.891281,41.44965362548828,38.7806282043457,40.26031494140625,False,151
2022-05-02T17:05:18.403338,41.34114456176758,38.829654693603516,40.265350341796875,False,152
2022-05-02T17:05:18.905304,41.37731170654297,38.73139953613281,40.2628173828125,False,153
2022-05-02T17:05:19.415741,41.44965362548828,38.73139953613281,40.2628173828125,False,154
2022-05-02T17:05:19.919919,41.37731170654297,38.7806282043457,40.2703857421875,False,155
2022-05-02T17:05:20.430931,41.34114456176758,38.7806282043457,40.2628173828125,False,156
2022-05-02T17:05:20.942666,41.37731170654297,38.7806282043457,40.2628173828125,False,157
2022-05-02T17:05:21.455033,41.37731170654297,38.73139953613281,40.267852783203125,False,158
2022-05-02T17:05:21.966556,41.37731170654297,38.73139953613281,40.267852783203125,False,159
2022-05-02T17:05:22.467777,41.34114456176758,38.73139953613281,40.265350341796875,False,160
2022-05-02T17:05:22.968658,41.37731170654297,38.7806282043457,40.2703857421875,False,161
2022-05-02T17:05:23.485071,41.37731170654297,38.73139953613281,40.2628173828125,False,162
2022-05-02T17:05:23.999547,41.37731170654297,38.7806282043457,40.26031494140625,False,163
2022-05-02T17:05:24.514743,41.37731170654297,38.73139953613281,40.26031494140625,False,164
2022-05-02T17:05:25.027361,41.34114456176758,38.73139953613281,40.265350341796875,False,165
2022-05-02T17:05:25.528255,41.37731170654297,38.7806282043457,40.26031494140625,False,166
2022-05-02T17:05:26.037559,41.34114456176758,38.73139953613281,40.2578125,False,167
2022-05-02T17:05:26.538411,41.34114456176758,38.73139953613281,40.2578125,False,168
2022-05-02T17:05:27.053127,41.37731170654297,38.7806282043457,40.26031494140625,False,169
2022-05-02T17:05:27.555398,41.34114456176758,38.7806282043457,40.26031494140625,False,170
2022-05-02T17:05:28.058574,41.34114456176758,38.73139953613281,40.2578125,False,171
2022-05-02T17:05:28.558840,41.34114456176758,38.73139953613281,40.2628173828125,False,172
2022-05-02T17:05:29.059083,41.30497741699219,38.73139953613281,40.2578125,False,173
2022-05-02T17:05:29.572007,41.34114456176758,38.73139953613281,40.2578125,False,174
2022-05-02T17:05:30.081979,41.37731170654297,38.73139953613281,40.2578125,False,175
2022-05-02T17:05:30.588771,41.34114456176758,38.73139953613281,40.2578125,False,176
2022-05-02T17:05:31.100209,41.34114456176758,38.73139953613281,40.24273681640625,False,177
2022-05-02T17:05:31.611681,41.34114456176758,38.73139953613281,40.247772216796875,False,178
2022-05-02T17:05:32.124566,41.413482666015625,38.73139953613281,40.237701416015625,False,179
2022-05-02T17:05:32.635258,41.37731170654297,38.633140563964844,40.240234375,False,180
2022-05-02T17:05:33.136383,41.413482666015625,38.73139953613281,40.232696533203125,False,181
2022-05-02T17:05:33.637556,41.413482666015625,38.73139953613281,40.169921875,False,182
2022-05-02T17:05:34.151768,41.37731170654297,38.68217086791992,40.11724853515625,False,183
2022-05-02T17:05:34.665226,41.413482666015625,38.73139953613281,40.002227783203125,False,184
2022-05-02T17:05:35.178485,41.48582077026367,38.68217086791992,39.887481689453125,False,185
2022-05-02T17:05:35.681262,41.413482666015625,38.73139953613281,39.71343994140625,False,186
2022-05-02T17:05:36.185893,41.48582077026367,38.68217086791992,39.48577880859375,False,187
2022-05-02T17:05:36.700129,41.48582077026367,38.68217086791992,39.2127685546875,False,188
2022-05-02T17:05:37.202203,41.44965362548828,38.68217086791992,38.931732177734375,False,189
2022-05-02T17:05:37.715712,41.521995544433594,38.73139953613281,38.633209228515625,False,190
2022-05-02T17:05:38.229375,41.521995544433594,38.68217086791992,38.14263916015625,False,191
2022-05-02T17:05:38.744600,41.44965362548828,38.73139953613281,38.004180908203125,False,192
2022-05-02T17:05:39.259012,41.521995544433594,38.68217086791992,37.688323974609375,False,193
2022-05-02T17:05:39.771573,41.48582077026367,38.633140563964844,37.15679931640625,False,194
2022-05-02T17:05:40.284406,41.44965362548828,38.73139953613281,36.8934326171875,False,195
2022-05-02T17:05:40.795105,41.48582077026367,38.68217086791992,36.617828369140625,False,196
2022-05-02T17:05:41.302381,41.44965362548828,38.68217086791992,36.341583251953125,False,197
2022-05-02T17:05:41.814872,41.48582077026367,38.73139953613281,36.181182861328125,False,198
2022-05-02T17:05:42.330058,41.48582077026367,38.73139953613281,35.735198974609375,False,199
2022-05-02T17:05:42.833002,41.48582077026367,38.73139953613281,35.504852294921875,False,200
2022-05-02T17:05:43.346144,41.48582077026367,38.73139953613281,35.30706787109375,False,201
2022-05-02T17:05:43.860847,41.521995544433594,38.73139953613281,35.165985107421875,False,202
2022-05-02T17:05:44.362202,41.48582077026367,38.73139953613281,35.0877685546875,False,203
2022-05-02T17:05:44.875157,41.48582077026367,38.68217086791992,35.018646240234375,False,204
2022-05-02T17:05:45.389105,41.44965362548828,38.68217086791992,35.02752685546875,False,205
2022-05-02T17:05:45.898171,41.521995544433594,38.73139953613281,35.054351806640625,False,206
2022-05-02T17:05:46.409971,41.521995544433594,38.633140563964844,35.116790771484375,False,207
2022-05-02T17:05:46.924190,41.521995544433594,38.633140563964844,35.19952392578125,False,208
2022-05-02T17:05:47.439218,41.48582077026367,38.633140563964844,35.3026123046875,False,209
2022-05-02T17:05:47.951443,41.413482666015625,38.53488540649414,35.529632568359375,False,210
2022-05-02T17:05:48.461850,41.413482666015625,38.633140563964844,35.531890869140625,False,211
2022-05-02T17:05:48.975796,41.413482666015625,38.58391189575195,35.642486572265625,False,212
2022-05-02T17:05:49.490384,41.44965362548828,38.58391189575195,35.757843017578125,False,213
2022-05-02T17:05:50.003684,41.44965362548828,38.633140563964844,35.92352294921875,False,214
2022-05-02T17:05:50.518228,41.48582077026367,38.633140563964844,36.021392822265625,False,215
2022-05-02T17:05:51.029487,41.413482666015625,38.58391189575195,36.121795654296875,False,216
2022-05-02T17:05:51.543250,41.44965362548828,38.48565673828125,36.222381591796875,False,217
2022-05-02T17:05:52.058041,41.34114456176758,38.58391189575195,36.36676025390625,False,218
2022-05-02T17:05:52.564898,41.48582077026367,38.68217086791992,36.467926025390625,False,219
2022-05-02T17:05:53.069012,41.413482666015625,38.58391189575195,36.555511474609375,False,220
2022-05-02T17:05:53.584893,41.37731170654297,38.68217086791992,36.717193603515625,False,221
2022-05-02T17:05:54.094483,41.37731170654297,38.73139953613281,36.80291748046875,False,222
2022-05-02T17:05:54.596205,41.34114456176758,38.58391189575195,36.8818359375,False,223
2022-05-02T17:05:55.111883,41.34114456176758,38.58391189575195,36.951568603515625,False,224
2022-05-02T17:05:55.625136,41.37731170654297,38.68217086791992,37.0330810546875,False,225
2022-05-02T17:05:56.127156,41.413482666015625,38.633140563964844,37.114776611328125,False,226
2022-05-02T17:05:56.642971,41.44965362548828,38.633140563964844,37.198883056640625,False,227
2022-05-02T17:05:57.146047,41.413482666015625,38.73139953613281,37.271484375,False,228
2022-05-02T17:05:57.655717,41.34114456176758,38.48565673828125,37.348907470703125,False,229
2022-05-02T17:05:58.171699,41.34114456176758,38.73139953613281,37.42645263671875,False,230
2022-05-02T17:05:58.674632,41.34114456176758,38.58391189575195,37.494720458984375,False,231
2022-05-02T17:05:59.187114,41.34114456176758,38.53488540649414,37.567779541015625,False,232
2022-05-02T17:05:59.688859,41.34114456176758,38.53488540649414,37.641021728515625,False,233
2022-05-02T17:06:00.200083,41.34114456176758,38.68217086791992,37.7498779296875,False,234
2022-05-02T17:06:00.707312,41.30497741699219,38.68217086791992,37.811553955078125,False,235
2022-05-02T17:06:01.219800,41.34114456176758,38.68217086791992,37.863800048828125,False,236
2022-05-02T17:06:01.729956,41.30497741699219,38.73139953613281,37.8994140625,False,237
2022-05-02T17:06:02.241097,41.23263931274414,38.73139953613281,37.99700927734375,False,238
2022-05-02T17:06:02.749259,41.30497741699219,38.633140563964844,38.04705810546875,False,239
2022-05-02T17:06:03.261991,41.34114456176758,38.68217086791992,38.14263916015625,False,240
2022-05-02T17:06:03.763215,41.34114456176758,38.68217086791992,38.140228271484375,False,241
2022-05-02T17:06:04.278603,41.34114456176758,38.633140563964844,38.180908203125,False,242
2022-05-02T17:06:04.779233,41.34114456176758,38.633140563964844,38.224029541015625,False,243
2022-05-02T17:06:05.295804,41.34114456176758,38.73139953613281,38.274322509765625,False,244
2022-05-02T17:06:05.796132,41.30497741699219,38.68217086791992,38.319915771484375,False,245
2022-05-02T17:06:06.310464,41.34114456176758,38.73139953613281,38.372772216796875,False,246
2022-05-02T17:06:06.819879,41.34114456176758,38.53488540649414,38.418487548828125,False,247
2022-05-02T17:06:07.334412,41.34114456176758,38.68217086791992,38.4642333984375,False,248
2022-05-02T17:06:07.836482,41.34114456176758,38.73139953613281,38.510040283203125,False,249
2022-05-02T17:06:08.346141,41.196468353271484,38.68217086791992,38.565582275390625,False,250
2022-05-02T17:06:08.849003,41.34114456176758,38.68217086791992,38.59454345703125,False,251
2022-05-02T17:06:09.351101,41.34114456176758,38.633140563964844,38.633209228515625,False,252
2022-05-02T17:06:09.860711,41.23263931274414,38.68217086791992,38.6937255859375,False,253
2022-05-02T17:06:10.369265,41.34114456176758,38.68217086791992,38.76641845703125,False,254
2022-05-02T17:06:10.882557,41.34114456176758,38.58391189575195,38.79315185546875,False,255
2022-05-02T17:06:11.392023,41.34114456176758,38.58391189575195,38.81500244140625,False,256
2022-05-02T17:06:11.907344,41.37731170654297,38.68217086791992,38.83929443359375,False,257
2022-05-02T17:06:12.421617,41.2688102722168,38.53488540649414,38.878204345703125,False,258
2022-05-02T17:06:12.934606,41.34114456176758,38.633140563964844,38.90252685546875,False,259
2022-05-02T17:06:13.450294,41.30497741699219,38.633140563964844,38.9293212890625,False,260
2022-05-02T17:06:13.966360,41.23263931274414,38.68217086791992,38.956085205078125,False,261
2022-05-02T17:06:14.478816,41.23263931274414,38.633140563964844,39.0048828125,False,262
2022-05-02T17:06:14.994541,41.23263931274414,38.58391189575195,39.0146484375,False,263
2022-05-02T17:06:15.509307,41.34114456176758,38.68217086791992,39.043914794921875,False,264
2022-05-02T17:06:16.020338,41.30497741699219,38.633140563964844,39.065887451171875,False,265
2022-05-02T17:06:16.530577,41.23263931274414,38.73139953613281,39.09521484375,False,266
2022-05-02T17:06:17.046224,41.34114456176758,38.73139953613281,39.11968994140625,False,267
2022-05-02T17:06:17.561447,41.196468353271484,38.58391189575195,39.144134521484375,False,268
2022-05-02T17:06:18.073955,41.2688102722168,38.53488540649414,39.180908203125,False,269
2022-05-02T17:06:18.588874,41.2688102722168,38.633140563964844,39.185821533203125,False,270
2022-05-02T17:06:19.101676,41.2688102722168,38.633140563964844,39.210296630859375,False,271
2022-05-02T17:06:19.603792,41.2688102722168,38.68217086791992,39.23236083984375,False,272
2022-05-02T17:06:20.112290,41.196468353271484,38.633140563964844,39.25445556640625,False,273
2022-05-02T17:06:20.625674,41.2688102722168,38.53488540649414,39.27166748046875,False,274
2022-05-02T17:06:21.139840,41.160301208496094,38.73139953613281,39.3060302734375,False,275
2022-05-02T17:06:21.654132,41.2688102722168,38.633140563964844,39.313385009765625,False,276
2022-05-02T17:06:22.154301,41.160301208496094,38.633140563964844,39.325653076171875,False,277
2022-05-02T17:06:22.655216,41.196468353271484,38.633140563964844,39.345367431640625,False,278
2022-05-02T17:06:23.169914,41.160301208496094,38.73139953613281,39.36749267578125,False,279
2022-05-02T17:06:23.676082,41.160301208496094,38.68217086791992,39.384735107421875,False,280
2022-05-02T17:06:24.177359,41.08796310424805,38.58391189575195,39.392120361328125,False,281
2022-05-02T17:06:24.677041,41.196468353271484,38.633140563964844,39.4044189453125,False,282
2022-05-02T17:06:25.179773,41.1241340637207,38.53488540649414,39.419189453125,False,283
2022-05-02T17:06:25.681943,41.08796310424805,38.58391189575195,39.4290771484375,False,284
2022-05-02T17:06:26.185626,41.1241340637207,38.68217086791992,39.44140625,False,285
2022-05-02T17:06:26.697210,41.1241340637207,38.58391189575195,39.456146240234375,False,286
2022-05-02T17:06:27.203420,41.08796310424805,38.58391189575195,39.466033935546875,False,287
2022-05-02T17:06:27.711806,41.1241340637207,38.53488540649414,39.475921630859375,False,288
2022-05-02T17:06:28.224476,41.05179214477539,38.58391189575195,39.48577880859375,False,289
2022-05-02T17:06:28.736471,41.05179214477539,38.633140563964844,39.49810791015625,False,290
2022-05-02T17:06:29.251944,41.08796310424805,38.58391189575195,39.50555419921875,False,291
2022-05-02T17:06:29.763990,41.08796310424805,38.53488540649414,39.522796630859375,False,292
2022-05-02T17:06:30.276583,41.05179214477539,38.43642807006836,39.527740478515625,False,293
2022-05-02T17:06:30.790359,41.05179214477539,38.43642807006836,39.53515625,False,294
2022-05-02T17:06:31.300736,41.08796310424805,38.68217086791992,39.547515869140625,False,295
2022-05-02T17:06:31.801391,41.08796310424805,38.53488540649414,39.5450439453125,False,296
2022-05-02T17:06:32.314822,41.08796310424805,38.38739776611328,39.55242919921875,False,297
2022-05-02T17:06:32.828664,41.015625,38.53488540649414,39.557403564453125,False,298
2022-05-02T17:06:33.342640,41.05179214477539,38.48565673828125,39.562347412109375,False,299
2022-05-02T17:06:33.857214,40.97945785522461,38.58391189575195,39.56976318359375,False,300
2022-05-02T17:06:34.371260,41.05179214477539,38.48565673828125,39.572235107421875,False,301
2022-05-02T17:06:34.883433,41.05179214477539,38.48565673828125,39.57965087890625,False,302
2022-05-02T17:06:35.385303,41.05179214477539,38.53488540649414,39.582122802734375,False,303
2022-05-02T17:06:35.890206,41.05179214477539,38.38739776611328,39.594482421875,False,304
2022-05-02T17:06:36.394033,41.05179214477539,38.38739776611328,39.6019287109375,False,305
2022-05-02T17:06:36.895613,41.05179214477539,38.48565673828125,39.604400634765625,False,306
2022-05-02T17:06:37.401646,41.05179214477539,38.48565673828125,39.609344482421875,False,307
2022-05-02T17:06:37.901992,41.015625,38.38739776611328,39.6217041015625,False,308
2022-05-02T17:06:38.402260,41.05179214477539,38.43642807006836,39.626678466796875,False,309
2022-05-02T17:06:38.913247,41.08796310424805,38.53488540649414,39.63409423828125,False,310
2022-05-02T17:06:39.418437,41.05179214477539,38.38739776611328,39.64154052734375,False,311
2022-05-02T17:06:39.932682,41.015625,38.43642807006836,39.6539306640625,False,312
2022-05-02T17:06:40.438895,41.015625,38.43642807006836,39.661376953125,False,313
2022-05-02T17:06:40.952587,41.015625,38.33816909790039,39.666351318359375,False,314
2022-05-02T17:06:41.467246,40.97945785522461,38.38739776611328,39.666351318359375,False,315
2022-05-02T17:06:41.980907,41.05179214477539,38.48565673828125,39.681182861328125,False,316
2022-05-02T17:06:42.494163,40.97945785522461,38.38739776611328,39.681182861328125,False,317
2022-05-02T17:06:42.996126,40.97945785522461,38.43642807006836,39.686126708984375,False,318
2022-05-02T17:06:43.500017,40.97945785522461,38.43642807006836,39.69110107421875,False,319
2022-05-02T17:06:44.000895,41.015625,38.38739776611328,39.69854736328125,False,320
2022-05-02T17:06:44.501518,41.05179214477539,38.38739776611328,39.7010498046875,False,321
2022-05-02T17:06:45.003370,41.015625,38.33816909790039,39.7034912109375,False,322
2022-05-02T17:06:45.506827,41.015625,38.38739776611328,39.7034912109375,False,323
2022-05-02T17:06:46.530781,41.05179214477539,38.33816909790039,39.720855712890625,False,324
2022-05-02T17:06:46.019021,41.015625,38.33816909790039,39.720855712890625,False,325
2022-05-02T17:06:47.032285,40.94329071044922,38.38739776611328,39.718414306640625,False,326
2022-05-02T17:06:47.545234,40.97945785522461,38.53488540649414,39.728302001953125,False,327
2022-05-02T17:06:48.058361,40.97945785522461,38.38739776611328,39.735748291015625,False,328
